ID,Date,Element,Data_Value
NZ000937470,2005-10-10,TMAX,77
NZ000937470,2005-11-30,TMIN,43
NZ000937470,2005-04-22,TMAX,193
NZ000937470,2005-11-30,TMAX,216
NZ000937470,2005-11-27,TMIN,8
NZ000937470,2005-10-19,TMIN,14
NZ000937470,2005-03-05,TMAX,234
NZ000937470,2005-07-30,TMIN,-77
NZ000937470,2005-07-26,TMAX,143
NZ000937470,2005-02-09,TMIN,122
NZ000937470,2005-03-05,TMIN,166
NZ000937470,2005-07-30,TMAX,93
NZ000937470,2005-01-01,TMIN,78
NZ000937470,2005-02-22,TMAX,257
NZ000937470,2005-05-26,TMIN,1
NZ000937470,2005-11-03,TMAX,210
NZ000937470,2005-09-25,TMAX,185
NZ000937470,2005-08-06,TMAX,108
NZ000937470,2005-12-20,TMIN,130
NZ000937470,2005-08-06,TMIN,-26
NZ000937470,2005-09-25,TMIN,26
NZ000937470,2005-07-20,TMIN,5
NZ000937470,2005-09-05,TMIN,62
NZ000937470,2005-05-05,TMIN,2
NZ000937470,2005-04-03,TMIN,90
NZ000937470,2005-02-09,TMAX,296
NZ000937470,2005-05-05,TMAX,152
NZ000937470,2005-09-29,TMAX,155
NZ000937470,2005-09-06,TMIN,49
NZ000937470,2005-05-26,TMAX,96
NZ000937470,2005-03-09,TMIN,92
NZ000937470,2005-10-06,TMIN,-10
NZ000937470,2005-03-13,TMAX,219
NZ000937470,2005-02-10,TMAX,280
NZ000937470,2005-09-03,TMAX,105
NZ000937470,2005-09-06,TMAX,118
NZ000937470,2005-02-24,TMAX,244
NZ000937470,2005-12-07,TMAX,272
NZ000937470,2005-10-17,TMAX,194
NZ000937470,2005-04-28,TMIN,-33
NZ000937470,2005-01-19,TMAX,185
NZ000937470,2005-12-07,TMIN,145
NZ000937470,2005-04-22,TMIN,52
NZ000937470,2005-11-24,TMAX,147
NZ000937470,2005-07-29,TMIN,-32
NZ000937470,2005-10-17,TMIN,61
NZ000937470,2005-01-29,TMAX,265
NZ000937470,2005-01-29,TMIN,126
NZ000937470,2005-01-26,TMAX,287
NZ000937470,2005-07-29,TMAX,82
NZ000937470,2005-04-26,TMAX,170
NZ000937470,2005-09-19,TMAX,52
NZ000937470,2005-09-19,TMIN,-29
NZ000937470,2005-10-29,TMAX,163
NZ000937470,2005-01-01,TMAX,213
NZ000937470,2005-05-22,TMAX,82
NZ000937470,2005-08-11,TMIN,-8
NZ000937470,2005-07-31,TMIN,-8
NZ000937470,2005-03-30,TMIN,4
NZ000937470,2005-10-29,TMIN,80
NZ000937470,2005-01-14,TMIN,150
NZ000937470,2005-04-26,TMIN,-4
NZ000937470,2005-06-12,TMAX,87
NZ000937470,2005-07-08,TMAX,86
NZ000937470,2005-10-13,TMIN,60
NZ000937470,2005-12-20,TMAX,197
NZ000937470,2005-07-08,TMIN,5
NZ000937470,2005-04-19,TMIN,5
NZ000937470,2005-10-01,TMIN,67
NZ000937470,2005-04-19,TMAX,174
NZ000937470,2005-08-11,TMAX,73
NZ000937470,2005-10-01,TMAX,179
NZ000937470,2005-09-09,TMAX,158
NZ000937470,2005-07-16,TMAX,24
NZ000937470,2005-03-02,TMIN,67
NZ000937470,2005-04-11,TMAX,209
NZ000937470,2005-07-31,TMAX,54
NZ000937470,2005-04-07,TMAX,180
NZ000937470,2005-05-22,TMIN,-13
NZ000937470,2005-07-10,TMIN,-60
NZ000937470,2005-07-10,TMAX,95
NZ000937470,2005-02-20,TMIN,104
NZ000937470,2005-03-03,TMIN,24
NZ000937470,2005-06-11,TMIN,-9
NZ000937470,2005-06-11,TMAX,85
NZ000937470,2005-11-02,TMAX,240
NZ000937470,2005-11-02,TMIN,91
NZ000937470,2005-01-10,TMIN,70
NZ000937470,2005-06-03,TMAX,96
NZ000937470,2005-01-31,TMAX,271
NZ000937470,2005-10-18,TMIN,57
NZ000937470,2005-01-04,TMIN,78
NZ000937470,2005-04-11,TMIN,64
NZ000937470,2005-06-03,TMIN,9
NZ000937470,2005-10-20,TMIN,44
NZ000937470,2005-03-15,TMIN,62
NZ000937470,2005-09-11,TMIN,-11
NZ000937470,2005-10-18,TMAX,173
NZ000937470,2005-10-13,TMAX,162
NZ000937470,2005-02-07,TMAX,241
NZ000937470,2005-06-09,TMAX,58
NZ000937470,2005-06-09,TMIN,-27
NZ000937470,2005-06-12,TMIN,-21
NZ000937470,2005-10-20,TMAX,160
NZ000937470,2005-04-07,TMIN,60
NZ000937470,2005-12-10,TMAX,221
NZ000937470,2005-04-03,TMAX,207
NZ000937470,2005-07-16,TMIN,-4
NZ000937470,2005-09-09,TMIN,-6
NZ000937470,2005-09-10,TMAX,181
NZ000937470,2005-09-10,TMIN,-1
NZ000937470,2005-09-18,TMIN,2
NZ000937470,2005-05-11,TMAX,155
NZ000937470,2005-05-11,TMIN,72
NZ000937470,2005-09-14,TMAX,185
NZ000937470,2005-09-11,TMAX,184
NZ000937470,2005-09-14,TMIN,35
NZ000937470,2005-11-05,TMIN,85
NZ000937470,2005-11-24,TMIN,57
NZ000937470,2005-04-08,TMAX,110
NZ000937470,2005-11-05,TMAX,225
NZ000937470,2005-03-07,TMAX,190
NZ000937470,2005-09-18,TMAX,107
NZ000937470,2005-04-28,TMAX,140
NZ000937470,2005-08-04,TMIN,-42
NZ000937470,2005-03-18,TMIN,132
NZ000937470,2005-09-05,TMAX,138
NZ000937470,2005-03-07,TMIN,68
NZ000937470,2005-07-26,TMIN,20
NZ000937470,2005-11-01,TMIN,6
NZ000937470,2005-02-07,TMIN,103
NZ000937470,2005-08-04,TMAX,119
NZ000937470,2005-07-20,TMAX,104
NZ000937470,2005-11-03,TMIN,103
NZ000937470,2005-11-11,TMAX,229
NZ000937470,2005-01-31,TMIN,85
NZ000937470,2005-10-11,TMIN,0
NZ000937470,2005-10-10,TMIN,41
NZ000937470,2005-01-30,TMIN,136
NZ000937470,2005-10-11,TMAX,127
NZ000937470,2005-01-14,TMAX,254
NZ000937470,2005-02-24,TMIN,112
NZ000937470,2005-06-13,TMAX,26
NZ000937470,2005-07-02,TMAX,106
NZ000937470,2005-12-16,TMAX,259
NZ000937470,2005-07-02,TMIN,-24
NZ000937470,2005-06-13,TMIN,-18
NZ000937470,2005-01-10,TMAX,200
NZ000937470,2005-07-28,TMIN,-2
NZ000937470,2005-01-19,TMIN,49
NZ000937470,2005-03-02,TMAX,230
NZ000937470,2005-03-18,TMAX,216
NZ000937470,2005-10-19,TMAX,156
NZ000937470,2005-02-22,TMIN,124
NZ000937470,2005-08-20,TMIN,66
NZ000937470,2005-11-25,TMAX,145
NZ000937470,2005-03-16,TMAX,233
NZ000937470,2005-04-16,TMIN,48
NZ000937470,2005-04-16,TMAX,144
NZ000937470,2005-11-25,TMIN,22
NZ000937470,2005-08-20,TMAX,150
NZ000937470,2005-09-29,TMIN,-9
NZ000937470,2005-01-15,TMIN,155
NZ000937470,2005-01-15,TMAX,250
NZ000937470,2005-07-28,TMAX,85
NZ000937470,2005-12-17,TMIN,140
NZ000937470,2005-11-26,TMIN,-2
NZ000937470,2005-05-17,TMIN,-43
NZ000937470,2005-02-15,TMIN,71
NZ000937470,2005-07-11,TMIN,-35
NZ000937470,2005-05-28,TMIN,-9
NZ000937470,2005-03-27,TMAX,157
NZ000937470,2005-02-15,TMAX,229
NZ000937470,2005-01-09,TMAX,155
NZ000937470,2005-07-24,TMAX,135
NZ000937470,2005-07-24,TMIN,13
NZ000937470,2005-02-10,TMIN,115
NZ000937470,2005-01-13,TMIN,150
NZ000937470,2005-03-01,TMAX,175
NZ000937470,2005-03-01,TMIN,35
NZ000937470,2005-05-28,TMAX,101
NZ000937470,2005-07-17,TMIN,-15
NZ000937470,2005-10-08,TMIN,-21
NZ000937470,2005-08-19,TMIN,35
NZ000937470,2005-02-05,TMIN,168
NZ000937470,2005-10-16,TMAX,185
NZ000937470,2005-10-08,TMAX,100
NZ000937470,2005-12-06,TMAX,189
NZ000937470,2005-07-15,TMIN,-28
NZ000937470,2005-04-01,TMIN,56
NZ000937470,2005-03-28,TMIN,58
NZ000937470,2005-07-15,TMAX,74
NZ000937470,2005-02-13,TMAX,211
NZ000937470,2005-12-21,TMIN,110
NZ000937470,2005-08-27,TMIN,-30
NZ000937470,2005-07-17,TMAX,48
NZ000937470,2005-03-13,TMIN,73
NZ000937470,2005-07-07,TMIN,-5
NZ000937470,2005-06-06,TMAX,59
NZ000937470,2005-08-10,TMAX,98
NZ000937470,2005-05-09,TMIN,-9
NZ000937470,2005-12-17,TMAX,260
NZ000937470,2005-11-29,TMIN,87
NZ000937470,2005-08-03,TMAX,122
NZ000937470,2005-02-16,TMIN,100
NZ000937470,2005-11-12,TMIN,57
NZ000937470,2005-08-25,TMIN,-26
NZ000937470,2005-02-16,TMAX,230
NZ000937470,2005-07-11,TMAX,100
NZ000937470,2005-09-02,TMAX,115
NZ000937470,2005-10-05,TMAX,97
NZ000937470,2005-08-10,TMIN,-24
NZ000937470,2005-06-16,TMAX,6
NZ000937470,2005-05-09,TMAX,121
NZ000937470,2005-10-05,TMIN,-28
NZ000937470,2005-10-30,TMAX,175
NZ000937470,2005-08-23,TMAX,108
NZ000937470,2005-10-30,TMIN,54
NZ000937470,2005-08-23,TMIN,13
NZ000937470,2005-08-17,TMIN,-3
NZ000937470,2005-06-16,TMIN,-56
NZ000937470,2005-03-25,TMAX,150
NZ000937470,2005-12-21,TMAX,227
NZ000937470,2005-09-15,TMIN,7
NZ000937470,2005-07-07,TMAX,69
NZ000937470,2005-12-09,TMIN,91
NZ000937470,2005-09-26,TMIN,18
NZ000937470,2005-05-15,TMAX,128
NZ000937470,2005-06-27,TMIN,-32
NZ000937470,2005-03-25,TMIN,89
NZ000937470,2005-09-15,TMAX,166
NZ000937470,2005-08-19,TMAX,132
NZ000937470,2005-02-19,TMIN,100
NZ000937470,2005-12-06,TMIN,68
NZ000937470,2005-01-18,TMIN,34
NZ000937470,2005-04-01,TMAX,184
NZ000937470,2005-03-12,TMIN,49
NZ000937470,2005-05-10,TMAX,158
NZ000937470,2005-11-10,TMAX,212
NZ000937470,2005-08-18,TMIN,-5
NZ000937470,2005-01-26,TMIN,107
NZ000937470,2005-03-19,TMAX,178
NZ000937470,2005-09-13,TMIN,37
NZ000937470,2005-09-13,TMAX,189
NZ000937470,2005-01-06,TMAX,200
NZ000937470,2005-01-18,TMAX,191
NZ000937470,2005-05-10,TMIN,76
NZ000937470,2005-08-18,TMAX,137
NZ000937470,2005-08-08,TMIN,6
NZ000937470,2005-08-08,TMAX,59
NZ000937470,2005-03-09,TMAX,175
NZ000937470,2005-03-12,TMAX,239
NZ000937470,2005-12-22,TMIN,84
NZ000937470,2005-07-05,TMAX,87
NZ000937470,2005-07-04,TMAX,90
NZ000937470,2005-07-04,TMIN,16
NZ000937470,2005-04-13,TMAX,142
NZ000937470,2005-08-17,TMAX,157
NZ000937470,2005-04-13,TMIN,-24
NZ000937470,2005-05-15,TMIN,-32
NZ000937470,2005-03-26,TMIN,67
NZ000937470,2005-11-12,TMAX,182
NZ000937470,2005-10-16,TMIN,-2
NZ000937470,2005-06-27,TMAX,102
NZ000937470,2005-01-25,TMIN,77
NZ000937470,2005-12-08,TMIN,152
NZ000937470,2005-02-13,TMIN,103
NZ000937470,2005-03-14,TMAX,245
NZ000937470,2005-08-26,TMIN,-9
NZ000937470,2005-12-09,TMAX,255
NZ000937470,2005-08-26,TMAX,150
NZ000937470,2005-03-26,TMAX,133
NZ000937470,2005-08-22,TMIN,5
NZ000937470,2005-09-02,TMIN,44
NZ000937470,2005-12-08,TMAX,242
NZ000937470,2005-08-22,TMAX,142
NZ000937470,2005-03-19,TMIN,103
NZ000937470,2005-07-05,TMIN,45
NZ000937470,2005-04-14,TMIN,-8
NZ000937470,2005-01-30,TMAX,274
NZ000937470,2005-07-01,TMAX,125
NZ000937470,2005-03-14,TMIN,74
NZ000937470,2005-04-14,TMAX,171
NZ000937470,2005-07-01,TMIN,-39
NZ000937470,2005-03-27,TMIN,70
NZ000937470,2005-03-31,TMAX,127
NZ000937470,2005-09-07,TMIN,74
NZ000937470,2005-12-25,TMIN,68
NZ000937470,2005-08-03,TMIN,-27
NZ000937470,2005-09-26,TMAX,159
NZ000937470,2005-03-15,TMAX,243
NZ000937470,2005-02-21,TMAX,211
NZ000937470,2005-11-10,TMIN,151
NZ000937470,2005-06-15,TMIN,-61
NZ000937470,2005-02-21,TMIN,84
NZ000937470,2005-01-20,TMAX,181
NZ000937470,2005-06-20,TMIN,-23
NZ000937470,2005-05-13,TMAX,136
NZ000937470,2005-07-14,TMIN,-7
NZ000937470,2005-12-11,TMIN,123
NZ000937470,2005-12-11,TMAX,219
NZ000937470,2005-10-15,TMIN,-5
NZ000937470,2005-03-22,TMAX,195
NZ000937470,2005-09-30,TMIN,42
NZ000937470,2005-06-20,TMAX,31
NZ000937470,2005-07-14,TMAX,51
NZ000937470,2005-10-23,TMIN,-2
NZ000937470,2005-08-24,TMIN,5
NZ000937470,2005-10-25,TMIN,4
NZ000937470,2005-10-15,TMAX,155
NZ000937470,2005-05-04,TMIN,-2
NZ000937470,2005-07-19,TMIN,4
NZ000937470,2005-07-19,TMAX,90
NZ000937470,2005-08-16,TMAX,141
NZ000937470,2005-10-23,TMAX,178
NZ000937470,2005-08-24,TMAX,121
NZ000937470,2005-09-30,TMAX,183
NZ000937470,2005-11-26,TMAX,170
NZ000937470,2005-03-31,TMIN,-11
NZ000937470,2005-12-02,TMIN,100
NZ000937470,2005-01-12,TMAX,248
NZ000937470,2005-09-03,TMIN,20
NZ000937470,2005-01-20,TMIN,127
NZ000937470,2005-09-01,TMIN,80
NZ000937470,2005-01-04,TMAX,176
NZ000937470,2005-11-20,TMAX,198
NZ000937470,2005-10-25,TMAX,226
NZ000937470,2005-07-25,TMIN,-1
NZ000937470,2005-12-02,TMAX,230
NZ000937470,2005-04-10,TMAX,166
NZ000937470,2005-11-20,TMIN,65
NZ000937470,2005-06-28,TMAX,147
NZ000937470,2005-11-01,TMAX,225
NZ000937470,2005-06-15,TMAX,7
NZ000937470,2005-04-10,TMIN,17
NZ000937470,2005-05-08,TMAX,69
NZ000937470,2005-05-04,TMAX,130
NZ000937470,2005-06-28,TMIN,54
NZ000937470,2005-05-17,TMAX,84
NZ000937470,2005-05-08,TMIN,-56
NZ000937470,2005-11-16,TMIN,69
NZ000937470,2005-06-24,TMAX,63
NZ000937470,2005-04-29,TMIN,23
NZ000937470,2005-06-24,TMIN,-62
NZ000937470,2005-04-29,TMAX,181
NZ000937470,2005-09-28,TMIN,-32
NZ000937470,2005-11-16,TMAX,157
NZ000937470,2005-09-17,TMAX,154
NZ000937470,2005-12-18,TMAX,259
NZ000937470,2005-10-28,TMIN,71
NZ000937470,2005-11-11,TMIN,96
NZ000937470,2005-01-22,TMIN,91
NZ000937470,2005-11-21,TMAX,109
NZ000937470,2005-04-09,TMAX,147
NZ000937470,2005-03-21,TMAX,182
NZ000937470,2005-07-23,TMIN,43
NZ000937470,2005-10-28,TMAX,177
NZ000937470,2005-11-27,TMAX,206
NZ000937470,2005-03-21,TMIN,108
NZ000937470,2005-04-09,TMIN,30
NZ000937470,2005-06-02,TMAX,93
NZ000937470,2005-06-02,TMIN,-14
NZ000937470,2005-02-19,TMAX,214
NZ000937470,2005-09-21,TMIN,36
NZ000937470,2005-09-21,TMAX,123
NZ000937470,2005-03-03,TMAX,215
NZ000937470,2005-02-05,TMAX,337
NZ000937470,2005-06-26,TMAX,68
NZ000937470,2005-11-17,TMIN,6
NZ000937470,2005-12-30,TMAX,263
NZ000937470,2005-03-30,TMAX,120
NZ000937470,2005-07-23,TMAX,129
NZ000937470,2005-12-25,TMAX,223
NZ000937470,2005-06-06,TMIN,-50
NZ000937470,2005-12-15,TMAX,254
NZ000937470,2005-11-29,TMAX,256
NZ000937470,2005-01-25,TMAX,273
NZ000937470,2005-07-25,TMAX,127
NZ000937470,2005-05-29,TMIN,-26
NZ000937470,2005-05-13,TMIN,51
NZ000937470,2005-11-17,TMAX,171
NZ000937470,2005-11-09,TMAX,283
NZ000937470,2005-01-08,TMIN,97
NZ000937470,2005-08-16,TMIN,20
NZ000937470,2005-05-19,TMAX,120
NZ000937470,2005-12-18,TMIN,112
NZ000937470,2005-02-17,TMAX,191
NZ000937470,2005-11-21,TMIN,20
NZ000937470,2005-05-29,TMAX,47
NZ000937470,2005-11-09,TMIN,116
NZ000937470,2005-08-25,TMAX,129
NZ000937470,2005-01-08,TMAX,130
NZ000937470,2005-01-09,TMIN,65
NZ000937470,2005-01-11,TMIN,103
NZ000937470,2005-12-15,TMIN,99
NZ000937470,2005-02-17,TMIN,30
NZ000937470,2005-01-22,TMAX,237
NZ000937470,2005-04-23,TMIN,-4
NZ000937470,2005-03-28,TMAX,159
NZ000937470,2005-09-17,TMIN,41
NZ000937470,2005-09-07,TMAX,183
NZ000937470,2005-06-26,TMIN,-34
NZ000937470,2005-07-21,TMIN,-38
NZ000937470,2005-08-31,TMAX,216
NZ000937470,2005-08-31,TMIN,59
NZ000937470,2005-05-19,TMIN,-10
NZ000937470,2005-04-23,TMAX,183
NZ000937470,2005-12-30,TMIN,146
NZ000937470,2005-07-21,TMAX,92
NZ000937470,2005-08-27,TMAX,82
NZ000937470,2005-06-07,TMAX,93
NZ000937470,2005-09-28,TMAX,135
NZ000937470,2005-01-24,TMIN,80
NZ000937470,2005-02-23,TMIN,111
NZ000937470,2005-11-08,TMAX,248
NZ000937470,2005-02-23,TMAX,210
NZ000937470,2005-05-31,TMIN,-1
NZ000937470,2005-12-29,TMIN,131
NZ000937470,2005-01-05,TMIN,99
NZ000937470,2005-01-06,TMIN,99
NZ000937470,2005-03-24,TMAX,181
NZ000937470,2005-04-06,TMIN,69
NZ000937470,2005-01-12,TMIN,109
NZ000937470,2005-02-20,TMAX,247
NZ000937470,2005-02-04,TMAX,330
NZ000937470,2005-08-21,TMIN,47
NZ000937470,2005-07-06,TMIN,-23
NZ000937470,2005-03-10,TMIN,-8
NZ000937470,2005-05-18,TMIN,-12
NZ000937470,2005-05-18,TMAX,88
NZ000937470,2005-06-17,TMIN,-39
NZ000937470,2005-12-31,TMIN,90
NZ000937470,2005-04-04,TMIN,5
NZ000937470,2005-06-23,TMIN,-22
NZ000937470,2005-09-04,TMIN,64
NZ000937470,2005-05-21,TMAX,128
NZ000937470,2005-03-04,TMIN,77
NZ000937470,2005-09-22,TMAX,130
NZ000937470,2005-02-26,TMAX,246
NZ000937470,2005-11-07,TMAX,243
NZ000937470,2005-04-24,TMAX,46
NZ000937470,2005-02-11,TMIN,99
NZ000937470,2005-10-02,TMIN,66
NZ000937470,2005-01-03,TMIN,103
NZ000937470,2005-04-04,TMAX,197
NZ000937470,2005-12-05,TMAX,190
NZ000937470,2005-04-30,TMAX,142
NZ000937470,2005-01-28,TMAX,270
NZ000937470,2005-08-28,TMIN,-1
NZ000937470,2005-04-24,TMIN,-11
NZ000937470,2005-09-08,TMIN,62
NZ000937470,2005-06-17,TMAX,32
NZ000937470,2005-11-07,TMIN,70
NZ000937470,2005-04-02,TMIN,66
NZ000937470,2005-08-30,TMAX,207
NZ000937470,2005-01-16,TMIN,127
NZ000937470,2005-08-02,TMAX,110
NZ000937470,2005-10-14,TMAX,172
NZ000937470,2005-10-04,TMIN,48
NZ000937470,2005-03-06,TMIN,73
NZ000937470,2005-05-24,TMIN,0
NZ000937470,2005-05-01,TMIN,69
NZ000937470,2005-09-23,TMAX,151
NZ000937470,2005-12-19,TMAX,239
NZ000937470,2005-06-22,TMAX,104
NZ000937470,2005-10-09,TMIN,38
NZ000937470,2005-10-22,TMIN,3
NZ000937470,2005-11-28,TMIN,53
NZ000937470,2005-03-04,TMAX,236
NZ000937470,2005-08-07,TMIN,-9
NZ000937470,2005-08-05,TMIN,-39
NZ000937470,2005-04-06,TMAX,184
NZ000937470,2005-05-01,TMAX,151
NZ000937470,2005-08-05,TMAX,120
NZ000937470,2005-12-31,TMAX,246
NZ000937470,2005-08-07,TMAX,51
NZ000937470,2005-02-03,TMIN,100
NZ000937470,2005-04-15,TMIN,4
NZ000937470,2005-01-23,TMIN,75
NZ000937470,2005-08-21,TMAX,147
NZ000937470,2005-02-06,TMIN,167
NZ000937470,2005-07-06,TMAX,65
NZ000937470,2005-05-02,TMIN,-14
NZ000937470,2005-04-05,TMAX,205
NZ000937470,2005-10-14,TMIN,51
NZ000937470,2005-08-15,TMAX,118
NZ000937470,2005-03-20,TMAX,218
NZ000937470,2005-02-18,TMIN,52
NZ000937470,2005-05-02,TMAX,82
NZ000937470,2005-04-15,TMAX,177
NZ000937470,2005-12-24,TMIN,118
NZ000937470,2005-11-15,TMAX,189
NZ000937470,2005-04-30,TMIN,-1
NZ000937470,2005-07-03,TMIN,32
NZ000937470,2005-01-02,TMAX,250
NZ000937470,2005-04-21,TMAX,151
NZ000937470,2005-08-30,TMIN,17
NZ000937470,2005-09-04,TMAX,158
NZ000937470,2005-09-27,TMAX,130
NZ000937470,2005-05-14,TMIN,-21
NZ000937470,2005-03-10,TMAX,196
NZ000937470,2005-11-14,TMAX,171
NZ000937470,2005-03-08,TMAX,176
NZ000937470,2005-09-27,TMIN,50
NZ000937470,2005-01-27,TMIN,106
NZ000937470,2005-01-27,TMAX,310
NZ000937470,2005-11-13,TMAX,155
NZ000937470,2005-06-19,TMAX,126
NZ000937470,2005-01-16,TMAX,273
NZ000937470,2005-06-08,TMAX,63
NZ000937470,2005-06-19,TMIN,-43
NZ000937470,2005-09-12,TMAX,200
NZ000937470,2005-06-04,TMAX,110
NZ000937470,2005-04-18,TMIN,-24
NZ000937470,2005-01-03,TMAX,187
NZ000937470,2005-07-12,TMAX,84
NZ000937470,2005-12-22,TMAX,224
NZ000937470,2005-04-18,TMAX,162
NZ000937470,2005-11-14,TMIN,7
NZ000937470,2005-05-27,TMIN,27
NZ000937470,2005-06-18,TMIN,-77
NZ000937470,2005-03-08,TMIN,74
NZ000937470,2005-01-24,TMAX,263
NZ000937470,2005-05-27,TMAX,111
NZ000937470,2005-01-02,TMIN,94
NZ000937470,2005-04-21,TMIN,-10
NZ000937470,2005-09-12,TMIN,-3
NZ000937470,2005-11-28,TMAX,220
NZ000937470,2005-03-23,TMIN,99
NZ000937470,2005-02-11,TMAX,124
NZ000937470,2005-03-17,TMAX,217
NZ000937470,2005-12-16,TMIN,112
NZ000937470,2005-06-10,TMAX,88
NZ000937470,2005-12-14,TMIN,138
NZ000937470,2005-08-28,TMAX,111
NZ000937470,2005-04-02,TMAX,181
NZ000937470,2005-04-27,TMIN,29
NZ000937470,2005-05-20,TMAX,95
NZ000937470,2005-12-05,TMIN,110
NZ000937470,2005-04-27,TMAX,183
NZ000937470,2005-05-20,TMIN,0
NZ000937470,2005-06-23,TMAX,86
NZ000937470,2005-07-18,TMAX,36
NZ000937470,2005-07-12,TMIN,-19
NZ000937470,2005-12-12,TMAX,164
NZ000937470,2005-08-13,TMIN,11
NZ000937470,2005-05-23,TMAX,120
NZ000937470,2005-12-24,TMAX,239
NZ000937470,2005-05-21,TMIN,-11
NZ000937470,2005-08-02,TMIN,-28
NZ000937470,2005-06-18,TMAX,106
NZ000937470,2005-02-04,TMIN,107
NZ000937470,2005-05-23,TMIN,-1
NZ000937470,2005-10-07,TMAX,107
NZ000937470,2005-08-09,TMAX,67
NZ000937470,2005-05-14,TMAX,167
NZ000937470,2005-04-12,TMAX,228
NZ000937470,2005-07-09,TMIN,-28
NZ000937470,2005-06-08,TMIN,-50
NZ000937470,2005-04-12,TMIN,69
NZ000937470,2005-02-26,TMIN,126
NZ000937470,2005-06-10,TMIN,-4
NZ000937470,2005-09-01,TMAX,164
NZ000937470,2005-03-11,TMIN,30
NZ000937470,2005-08-01,TMAX,110
NZ000937470,2005-08-01,TMIN,-17
NZ000937470,2005-12-14,TMAX,251
NZ000937470,2005-11-18,TMIN,83
NZ000937470,2005-08-09,TMIN,-30
NZ000937470,2005-07-09,TMAX,95
NZ000937470,2005-10-24,TMAX,204
NZ000937470,2005-10-03,TMIN,54
NZ000937470,2005-12-12,TMIN,114
NZ000937470,2005-10-22,TMAX,154
NZ000937470,2005-03-16,TMIN,63
NZ000937470,2005-02-18,TMAX,199
NZ000937470,2005-02-12,TMAX,183
NZ000937470,2005-02-25,TMAX,223
NZ000937470,2005-02-27,TMAX,225
NZ000937470,2005-09-22,TMIN,4
NZ000937470,2005-05-25,TMAX,156
NZ000937470,2005-12-27,TMIN,104
NZ000937470,2005-06-04,TMIN,-20
NZ000937470,2005-06-30,TMAX,93
NZ000937470,2005-03-23,TMAX,199
NZ000937470,2005-02-28,TMIN,-17
NZ000937470,2005-05-07,TMAX,164
NZ000937470,2005-11-23,TMAX,166
NZ000937470,2005-02-25,TMIN,105
NZ000937470,2005-12-13,TMIN,123
NZ000937470,2005-01-23,TMAX,253
NZ000937470,2005-09-16,TMIN,25
NZ000937470,2005-07-03,TMAX,147
NZ000937470,2005-02-12,TMIN,73
NZ000937470,2005-11-19,TMIN,82
NZ000937470,2005-05-25,TMIN,13
NZ000937470,2005-06-01,TMAX,112
NZ000937470,2005-10-26,TMAX,234
NZ000937470,2005-01-07,TMIN,119
NZ000937470,2005-01-21,TMIN,128
NZ000937470,2005-07-22,TMIN,-10
NZ000937470,2005-01-11,TMAX,225
NZ000937470,2005-06-14,TMAX,24
NZ000937470,2005-05-03,TMAX,105
NZ000937470,2005-10-31,TMIN,38
NZ000937470,2005-06-30,TMIN,-6
NZ000937470,2005-06-21,TMIN,0
NZ000937470,2005-04-17,TMIN,-25
NZ000937470,2005-06-21,TMAX,142
NZ000937470,2005-11-08,TMIN,46
NZ000937470,2005-11-23,TMIN,45
NZ000937470,2005-10-12,TMIN,25
NZ000937470,2005-03-06,TMAX,234
NZ000937470,2005-12-27,TMAX,237
NZ000937470,2005-06-05,TMAX,96
NZ000937470,2005-07-18,TMIN,7
NZ000937470,2005-07-22,TMAX,96
NZ000937470,2005-07-13,TMAX,114
NZ000937470,2005-11-18,TMAX,233
NZ000937470,2005-08-13,TMAX,106
NZ000937470,2005-05-06,TMAX,184
NZ000937470,2005-03-24,TMIN,117
NZ000937470,2005-06-07,TMIN,-42
NZ000937470,2005-12-28,TMAX,241
NZ000937470,2005-06-25,TMIN,-46
NZ000937470,2005-03-17,TMIN,94
NZ000937470,2005-12-28,TMIN,71
NZ000937470,2005-08-29,TMIN,-3
NZ000937470,2005-09-16,TMAX,147
NZ000937470,2005-05-30,TMIN,-7
NZ000937470,2005-10-06,TMAX,117
NZ000937470,2005-10-27,TMAX,202
NZ000937470,2005-05-12,TMIN,-7
NZ000937470,2005-02-14,TMAX,132
NZ000937470,2005-02-02,TMIN,101
NZ000937470,2005-06-25,TMAX,38
NZ000937470,2005-03-29,TMIN,53
NZ000937470,2005-11-06,TMAX,203
NZ000937470,2005-10-07,TMIN,26
NZ000937470,2005-03-29,TMAX,98
NZ000937470,2005-11-15,TMIN,67
NZ000937470,2005-01-28,TMIN,110
NZ000937470,2005-05-12,TMAX,148
NZ000937470,2005-07-13,TMIN,19
NZ000937470,2005-04-17,TMAX,202
NZ000937470,2005-03-11,TMAX,151
NZ000937470,2005-05-30,TMAX,66
NZ000937470,2005-10-02,TMAX,149
NZ000937470,2005-05-06,TMIN,33
NZ000937470,2005-12-10,TMIN,109
NZ000937470,2005-02-28,TMAX,148
NZ000937470,2005-10-24,TMIN,23
NZ000937470,2005-12-01,TMAX,227
NZ000937470,2005-11-04,TMIN,130
NZ000937470,2005-11-13,TMIN,64
NZ000937470,2005-08-12,TMIN,-9
NZ000937470,2005-07-27,TMIN,-8
NZ000937470,2005-10-03,TMAX,169
NZ000937470,2005-09-24,TMIN,60
NZ000937470,2005-04-25,TMAX,106
NZ000937470,2005-04-25,TMIN,-24
NZ000937470,2005-05-03,TMIN,-19
NZ000937470,2005-12-29,TMAX,259
NZ000937470,2005-01-17,TMAX,196
NZ000937470,2005-06-29,TMIN,-9
NZ000937470,2005-09-24,TMAX,182
NZ000937470,2005-05-24,TMAX,160
NZ000937470,2005-11-06,TMIN,11
NZ000937470,2005-10-27,TMIN,111
NZ000937470,2005-12-01,TMIN,54
NZ000937470,2005-10-26,TMIN,77
NZ000937470,2005-02-02,TMAX,303
NZ000937470,2005-12-23,TMIN,78
NZ000937470,2005-10-04,TMAX,146
NZ000937470,2005-09-20,TMAX,77
NZ000937470,2005-10-31,TMAX,222
NZ000937470,2005-02-27,TMIN,53
NZ000937470,2005-04-08,TMIN,65
NZ000937470,2005-11-22,TMAX,148
NZ000937470,2005-12-26,TMIN,58
NZ000937470,2005-02-14,TMIN,50
NZ000937470,2005-02-01,TMIN,99
NZ000937470,2005-08-15,TMIN,9
NZ000937470,2005-08-12,TMAX,94
NZ000937470,2005-12-26,TMAX,211
NZ000937470,2005-02-06,TMAX,313
NZ000937470,2005-01-21,TMAX,225
NZ000937470,2005-07-27,TMAX,113
NZ000937470,2005-05-31,TMAX,65
NZ000937470,2005-02-01,TMAX,299
NZ000937470,2005-11-22,TMIN,29
NZ000937470,2005-02-08,TMAX,278
NZ000937470,2005-10-21,TMIN,37
NZ000937470,2005-01-07,TMAX,235
NZ000937470,2005-11-19,TMAX,231
NZ000937470,2005-10-12,TMAX,184
NZ000937470,2005-09-08,TMAX,120
NZ000937470,2005-01-17,TMIN,95
NZ000937470,2005-01-13,TMAX,210
NZ000937470,2005-11-04,TMAX,245
NZ000937470,2005-06-01,TMIN,-30
NZ000937470,2005-08-29,TMAX,187
NZ000937470,2005-06-22,TMIN,-29
NZ000937470,2005-04-20,TMIN,27
NZ000937470,2005-03-20,TMIN,69
NZ000937470,2005-06-05,TMIN,0
NZ000937470,2005-10-21,TMAX,140
NZ000937470,2005-12-13,TMAX,219
NZ000937470,2005-04-20,TMAX,187
NZ000937470,2005-06-14,TMIN,-55
NZ000937470,2005-05-07,TMIN,32
NZ000937470,2005-09-20,TMIN,-18
NZ000937470,2005-02-03,TMAX,330
NZ000937470,2005-09-23,TMIN,-34
NZ000937470,2005-12-23,TMAX,147
NZ000937470,2005-05-16,TMAX,56
NZ000937470,2005-04-05,TMIN,6
NZ000937470,2005-08-14,TMIN,-24
NZ000937470,2005-06-29,TMAX,121
NZ000937470,2005-03-22,TMIN,62
NZ000937470,2005-10-09,TMAX,149
NZ000937470,2005-08-14,TMAX,84
NZ000937470,2005-02-08,TMIN,152
NZ000937470,2005-01-05,TMAX,204
NZ000937470,2005-05-16,TMIN,10
NZ000937470,2005-12-19,TMIN,138
